{"cameraMode":{"drawMode":0,"name":"Shaded","section":"Shading Mode"},"sceneLighting":false,"audioPlay":false,"sceneViewState":{"m_AlwaysRefresh":false,"showFog":false,"showSkybox":false,"showFlares":false,"showImageEffects":false,"showParticleSystems":false,"showVisualEffectGraphs":true,"m_FxEnabled":true},"in2DMode":false,"pivot":{"x":0.0021689534187316896,"y":1.0162415504455567,"z":0.0430389940738678},"rotation":{"x":-0.20594820380210877,"y":0.3749341666698456,"z":-0.08581267297267914,"w":-0.8998275399208069},"size":1.4304955005645753,"orthographic":false}