{"cameraMode":{"drawMode":0,"name":"Shaded","section":"Shading Mode"},"sceneLighting":false,"audioPlay":false,"sceneViewState":{"m_AlwaysRefresh":false,"showFog":false,"showSkybox":false,"showFlares":false,"showImageEffects":false,"showParticleSystems":false,"showVisualEffectGraphs":true,"m_FxEnabled":true},"in2DMode":false,"pivot":{"x":0.18429827690124513,"y":0.792001485824585,"z":0.07284462451934815},"rotation":{"x":-0.20594820380210877,"y":0.3749341666698456,"z":-0.08581267297267914,"w":-0.8998275399208069},"size":1.4304955005645753,"orthographic":false}