{"cameraMode":{"drawMode":0,"name":"Shaded","section":"Shading Mode"},"sceneLighting":true,"audioPlay":false,"sceneViewState":{"m_AlwaysRefresh":false,"showFog":true,"showSkybox":true,"showFlares":true,"showImageEffects":true,"showParticleSystems":true,"showVisualEffectGraphs":true,"m_FxEnabled":true},"in2DMode":false,"pivot":{"x":25.423812866210939,"y":-0.21524357795715333,"z":24.830549240112306},"rotation":{"x":0.21178781986236573,"y":0.441032737493515,"z":-0.10793493688106537,"w":0.8654571175575256},"size":38.321449279785159,"orthographic":false}