{"cameraMode":{"drawMode":0,"name":"Shaded","section":"Shading Mode"},"sceneLighting":false,"audioPlay":false,"sceneViewState":{"m_AlwaysRefresh":false,"showFog":false,"showSkybox":false,"showFlares":false,"showImageEffects":false,"showParticleSystems":false,"showVisualEffectGraphs":true,"m_FxEnabled":true},"in2DMode":false,"pivot":{"x":0.03530527278780937,"y":0.9087749123573303,"z":0.3035016357898712},"rotation":{"x":0.0006082119070924819,"y":-0.9988747835159302,"z":0.04648054763674736,"w":0.012580187991261483},"size":1.218940258026123,"orthographic":false}