{"cameraMode":{"drawMode":0,"name":"Shaded","section":"Shading Mode"},"sceneLighting":true,"audioPlay":false,"sceneViewState":{"m_AlwaysRefresh":false,"showFog":true,"showSkybox":false,"showFlares":true,"showImageEffects":true,"showParticleSystems":true,"showVisualEffectGraphs":true,"m_FxEnabled":true},"in2DMode":false,"pivot":{"x":14.859999656677246,"y":2.446748733520508,"z":22.950000762939454},"rotation":{"x":0.21178781986236573,"y":0.441032737493515,"z":-0.10793493688106537,"w":0.8654571175575256},"size":1.4660253524780274,"orthographic":false}